component,explained_variance_ratio
PC1,0.3544780858262843
PC2,0.27543481476866977
PC3,0.18601782172269077
PC4,0.18406927768235523
